,Exp. Out. Plur,0,corr,%,stdev
0,PL,4800,2224,46.33333333333333,34.547744740672535
1,SG,4800,2603,54.229166666666664,34.516876910674675
