,Exp. Out. Def,0,corr,%,stdev
0,INDEF,14400,1026,7.124999999999999,30.869037885881703
