,Exp. Out. Def,0,corr,%,stdev
0,DEF,7200,3156,43.833333333333336,42.10249398788628
1,INDEF,7200,4398,61.083333333333336,41.370943909947236
