,Exp. Out. Def,0,corr,%,stdev
0,DEF,4800,2240,46.666666666666664,34.56395039150859
1,INDEF,4800,2524,52.583333333333336,34.59474911986885
