,Exp. Out. Case,0,corr,%,stdev
0,DAT,19200,11643,60.640625,67.69499266009267
1,GEN,19200,6180,32.1875,64.7364850760373
2,NOM,19200,4028,20.979166666666664,56.41772032497118
