,Exp. Out. Plur,0,corr,%,stdev
0,PL,4800,2590,53.95833333333333,34.53229165095573
1,SG,4800,2258,47.041666666666664,34.580329186788646
