,Exp. Out. Case,0,corr,%,stdev
0,DAT,4800,2796,58.25,34.16621137908035
1,GEN,4800,1585,33.020833333333336,32.582507449038765
2,NOM,4800,988,20.583333333333336,28.011366740426407
