,Exp. Out. Case,0,corr,%,stdev
0,DAT,4800,2507,52.22916666666667,34.606571509854405
1,GEN,4800,1053,21.9375,28.670509674576767
2,NOM,4800,1156,24.083333333333336,29.624258077910856
