,Exp. Out. Plur,0,corr,%,stdev
0,SG,14400,922,6.402777777777778,29.37628956980253
