,Exp. Out. Plur,0,corr,%,stdev
0,PL,7200,3185,44.23611111111111,42.14356251091157
1,SG,7200,4015,55.76388888888889,42.14356251091157
