,Exp. Out. Case,0,corr,%,stdev
0,DAT,4800,2712,56.49999999999999,34.347052275268105
1,GEN,4800,1742,36.291666666666664,33.31364835419061
2,NOM,4800,1362,28.375,31.233515652260476
