,Exp. Out. Plur,0,corr,%,stdev
0,PL,4800,2024,42.16666666666667,34.21325279283843
1,SG,4800,2788,58.08333333333333,34.18532823693034
