,Exp. Out. Def,0,corr,%,stdev
0,DEF,4800,2623,54.645833333333336,34.49115526720824
1,INDEF,4800,2620,54.58333333333333,34.49516874384972
