,Exp. Out. Def,0,corr,%,stdev
0,DEF,28800,11576,40.19444444444444,83.2051146932153
1,INDEF,28800,18603,64.59375,81.15802293981784
