,Exp. Out. Plur,0,corr,%,stdev
0,PL,28800,13618,47.28472222222222,84.7276019239172
1,SG,28800,15599,54.16319444444444,84.55816518001741
