,Exp. Out. Case,0,corr,%,stdev
0,DAT,4800,3247,67.64583333333334,32.41203158807956
1,GEN,4800,1192,24.833333333333332,29.93303637566137
2,NOM,4800,1046,21.791666666666668,28.60173363044042
