,Exp. Out. Def,0,corr,%,stdev
0,DEF,7200,3121,43.34722222222222,42.049175906840844
1,INDEF,7200,4349,60.402777777777786,41.49799024584738
