,Exp. Out. Case,0,corr,%,stdev
0,DAT,9600,2168,22.583333333333332,40.96819904918122
