,Exp. Out. Def,0,corr,%,stdev
0,DEF,4800,1815,37.8125,33.596177237894196
1,INDEF,4800,2854,59.458333333333336,34.015572414214446
