,Exp. Out. Def,0,corr,%,stdev
0,DEF,14400,597,4.145833333333333,23.921734364380857
