,Exp. Out. Plur,0,corr,%,stdev
0,PL,14400,574,3.986111111111111,23.475939219171238
